Link Name,Center of Mass X,Center of Mass Y,Center of Mass Z,Center of Mass Roll,Center of Mass Pitch,Center of Mass Yaw,Mass,Moment Ixx,Moment Ixy,Moment Ixz,Moment Iyy,Moment Iyz,Moment Izz,Visual X,Visual Y,Visual Z,Visual Roll,Visual Pitch,Visual Yaw,Mesh Filename,Color Red,Color Green,Color Blue,Color Alpha,Collision X,Collision Y,Collision Z,Collision Roll,Collision Pitch,Collision Yaw,Collision Mesh Filename,Material Name,SW Components,Coordinate System,Axis Name,Joint Name,Joint Type,Joint Origin X,Joint Origin Y,Joint Origin Z,Joint Origin Roll,Joint Origin Pitch,Joint Origin Yaw,Parent,Joint Axis X,Joint Axis Y,Joint Axis Z,Limit Effort,Limit Velocity,Limit Lower,Limit Upper,Calibration rising,Calibration falling,Dynamics Damping,Dynamics Friction,Safety Soft Upper,Safety Soft Lower,Safety K Position,Safety K Velocity
map,-0.0033599,-0.00084664,0.1336,0,0,0,9.87,0.17,-1.1578E-05,-0.00027182,0.145,-2.1263E-05,0.079,0,0,0,0,0,0,package://rel2/meshes/map.STL,0.75294,0.75294,0.75294,1,0,0,0,0,0,0,package://rel2/meshes/map.STL,,CT0A-1;CT0B-1;WT0-1,C0,,,,0,0,0,0,0,0,,0,0,0,,,,,,,,,,,,
neck_base_link,3.5639E-05,4.7576E-05,-0.031296,0,0,0,0.61964,0.00045,4.4922E-07,4.4668E-07,0.00046,3.5279E-07,0.0005,0,0,0,0,0,0,package://rel2/meshes/neck_base_link.STL,0.86667,0.86667,0.8902,1,0,0,0,0,0,0,package://rel2/meshes/neck_base_link.STL,,HD0A-1;HD0B-1,CN0,AN1,neck_base_joint,fixed,0,0,0.4,0,0,0,map,0,0,0,,,,,,,,,,,,
neck_yaw_link,0.023237,0.004247,0.035877,0,0,0,0.64979,0.00076,7.322E-07,1.9679E-05,0.0008,2.7926E-07,0.00082,0,0,0,0,0,0,package://rel2/meshes/neck_yaw_link.STL,0.69804,0.69804,0.69804,1,0,0,0,0,0,0,package://rel2/meshes/neck_yaw_link.STL,,HD1A-1;HD1B-1,CN1,AN1,neck_yaw_joint,revolute,0,0,0,0,0,0,neck_base_link,0,0,1,50,7,-1.57,1.57,,,1,2,,,,
neck_pitch_link,-0.0021819,-0.087991,0.00035708,0,0,0,1.3216,0.0085,-0.0010336,-1.3429E-07,0.0084,3.6968E-07,0.0086,0,0,0,0,0,0,package://rel2/meshes/neck_pitch_link.STL,0.75294,0.75294,0.75294,1,0,0,0,0,0,0,package://rel2/meshes/neck_pitch_link.STL,,HD2A-1;HD2B-1,CN2,AN2,neck_pitch_joint,revolute,0.032,0,0.044,-1.5708,0,0,neck_yaw_link,0,0,1,50,7,-0.44,0.44,,,1,2,,,,
realsense_link,0.0474236934087273,0.000142848649363536,-0.00824211458540719,0,0,0,0.076906924580154,8.66591553009507E-06,9.27661790537904E-08,-9.17471216426098E-08,9.4298219958331E-05,9.01987209994853E-08,9.49961669519373E-05,0,0,0,0,0,0,package://rel2/meshes/realsense_link.STL,0.250980392156863,0.250980392156863,0.250980392156863,1,0,0,0,0,0,0,package://rel2/meshes/realsense_link.STL,,RealSense_D455-1,Realsense,AN2,realsense_joint,fixed,0.0663707740899329,-0.125359990838924,0.0474999999999999,0.349065850398864,1.5707963267949,0,neck_pitch_link,0,0,0,,,,,,,,,,,,
left_arm_base_link,4.3007E-05,-0.0002119,0.15272,0,0,0,0.71484,0.00067,4.4875E-09,4.4641E-07,0.00067,3.3288E-07,0.00061,0,0,0,0,0,0,package://rel2/meshes/left_arm_base_link.STL,0.75294,0.75294,0.75294,1,0,0,0,0,0,0,package://rel2/meshes/left_arm_base_link.STL,,AML0A-1;AML0B-1,CLA0,ALA1,left_arm_base_joint,fixed,0,0,0.2885,1.5708,-1.5708,0,map,0,0,0,,,,,,,,,,,,
left_shoulder_pitch_link,3.5013E-05,-0.0038729,-0.011871,0,0,0,0.90505,0.0015,5.7487E-07,-9.3092E-06,0.00137,-3.8731E-06,0.00096,0,0,0,0,0,0,package://rel2/meshes/left_shoulder_pitch_link.STL,0.75294,0.75294,0.75294,1,0,0,0,0,0,0,package://rel2/meshes/left_shoulder_pitch_link.STL,,AML1A-1;AML1B-1,CLA1,ALA1,left_shoulder_pitch_joint,revolute,0,0,0.2635,0,0,0,left_arm_base_link,0,0,1,80,7,-3.14,1.4,,,1,2,,,,
left_shoulder_roll_link,-5.3445E-05,-0.065465,0.00044459,0,0,0,0.72803,0.00149,5.2258E-07,-9.7942E-07,0.00076,-1.7628E-07,0.00137,0,0,0,0,0,0,package://rel2/meshes/left_shoulder_roll_link.STL,0.75294,0.75294,0.75294,1,0,0,0,0,0,0,package://rel2/meshes/left_shoulder_roll_link.STL,,AML2A-1;AML2B-1,CLA2,ALA2,left_shoulder_roll_joint,revolute,0,0,0,1.5708,-1.5708,0,left_shoulder_pitch_link,0,0,1,80,7,-2.79,0.37,,,1,2,,,,
left_arm_yaw_link,-0.00064229,0.0042682,-0.011976,0,0,0,0.6767,0.00089,7.579E-07,-4.3018E-06,0.0008,-2.724E-07,0.00051,0,0,0,0,0,0,package://rel2/meshes/left_arm_yaw_link.STL,0.75294,0.75294,0.75294,1,0,0,0,0,0,0,package://rel2/meshes/left_arm_yaw_link.STL,,AML3A-1;AML3B-1,CLA3,ALA3,left_arm_yaw_joint,revolute,0,-0.1905,0,1.5708,-1.5708,0,left_shoulder_roll_link,0,0,1,50,7,-2.09,2.09,,,1,2,,,,
left_elbow_pitch_link,-4.1786E-05,0.063355,0.00048573,0,0,0,0.64825,0.00088,-3.9226E-07,-4.9075E-07,0.00053,3.558E-07,0.00077,0,0,0,0,0,0,package://rel2/meshes/left_elbow_pitch_link.STL,0.75294,0.75294,0.75294,1,0,0,0,0,0,0,package://rel2/meshes/left_elbow_pitch_link.STL,,AML4A-1;AML4B-1,CLA4,ALA4,left_elbow_pitch_joint,revolute,0,0,0,1.5708,0,0,left_arm_yaw_link,0,0,-1,50,7,-0.26,2.18,,,1,2,,,,
left_elbow_yaw_link,-0.0001806,0.0042708,-0.0077002,0,0,0,0.64989,0.00064,1.4143E-07,-1.0059E-06,0.00055,-5.4972E-07,0.00047,0,0,0,0,0,0,package://rel2/meshes/left_elbow_yaw_link.STL,0.75294,0.75294,0.75294,1,0,0,0,0,0,0,package://rel2/meshes/left_elbow_yaw_link.STL,,AML5A-1;AML5B-1,CLA5,ALA5,left_elbow_yaw_joint,revolute,0,0.16,0,-1.5708,0,0,left_elbow_pitch_link,0,0,1,50,7,-2.09,2.09,,,1,2,,,,
left_wrist_roll_link,-5.7422E-05,-0.062427,-0.00035934,0,0,0,0.63795,0.00085,3.7671E-07,-9.2328E-07,0.00052,-2.2456E-06,0.00075,0,0,0,0,0,0,package://rel2/meshes/left_wrist_roll_link.STL,0.75294,0.75294,0.75294,1,0,0,0,0,0,0,package://rel2/meshes/left_wrist_roll_link.STL,,AML6A-1;AML6B-1,CLA6,ALA6,left_wrist_roll_joint,revolute,0,0,0,-1.5708,0,0,left_elbow_yaw_link,0,0,1,50,7,-1.92,1.92,,,1,2,,,,
left_wrist_yaw_link,2.3347E-07,-0.00026089,0.11621,0,0,0,0.083273,2.0254E-05,2.1639E-08,7.9935E-11,2.0019E-05,-6.7147E-08,3.6529E-05,0,0,0,0,0,0,package://rel2/meshes/left_wrist_yaw_link.STL,0.75294,0.75294,0.75294,1,0,0,0,0,0,0,package://rel2/meshes/left_wrist_yaw_link.STL,,AML7A-1;AML7B-1,CLA7,ALA7,left_wrist_yaw_joint,revolute,0,0,0,1.5708,0,0,left_wrist_roll_link,0,0,1,50,7,-2.09,2.09,,,1,2,,,,
left_hand_ee_link,-0.00532999999998468,0.0247499999998901,-0.102449999999974,0,0,0,0.000975000000000002,4.06250000000001E-09,-1.31987080510088E-25,-7.16573494918035E-24,4.06250000000001E-09,-2.62740508391013E-25,4.06250000000001E-09,0,0,0,0,0,0,package://rel2/meshes/left_hand_ee_link.STL,0.752941176470588,0.752941176470588,0.752941176470588,1,0,0,0,0,0,0,package://rel2/meshes/left_hand_ee_link.STL,,Dummy-1,CLA8,ALA7,left_hand_ee_joint,fixed,0,0,0.1285,3.14159265358979,0,3.14159265358979,left_wrist_yaw_link,0,0,0,,,,,,,,,,,,
left_hand_link,-0.0173564189477508,0.00501676734605605,-0.0710095948441735,0,0,0,1.95631512759649,0.000871232825589331,-3.49812060290323E-05,-9.89206538572266E-05,0.00175101503896379,-2.26990654579539E-05,0.00101624798168389,0,0,0,0,0,0,package://rel2/meshes/left_hand_link.STL,0.615686274509804,0.643137254901961,0.674509803921569,1,0,0,0,0,0,0,package://rel2/meshes/left_hand_link.STL,,AML-71-1,CLA8,ALA7,left_hand_joint,fixed,0,0,0.1285,3.14159265358979,0,3.14159265358979,left_wrist_yaw_link,0,0,0,,,,,,,,,,,,
right_arm_base_link,4.3007E-05,-0.0002119,0.15272,0,0,0,0.71484,0.00067,4.4875E-09,4.4641E-07,0.00067,3.3288E-07,0.00061,0,0,0,0,0,0,package://rel2/meshes/right_arm_base_link.STL,0.75294,0.75294,0.75294,1,0,0,0,0,0,0,package://rel2/meshes/right_arm_base_link.STL,,AMR0A-1;AMR0B-1,CRA0,ARA1,right_arm_base_joint,fixed,0,0,0.2885,1.5708,-1.5708,0,map,0,0,0,,,,,,,,,,,,
right_shoulder_pitch_link,-1.5908E-05,0.0038729,-0.012191,0,0,0,0.90505,0.00147,-5.5323E-07,-8.8712E-06,0.00137,4.0089E-06,0.00096,0,0,0,0,0,0,package://rel2/meshes/right_shoulder_pitch_link.STL,0.75294,0.75294,0.75294,1,0,0,0,0,0,0,package://rel2/meshes/right_shoulder_pitch_link.STL,,AMR1A-1;AMR1B-1,CRA1,ARA1,right_shoulder_pitch_joint,revolute,0,0,0.2635,0,0,0,right_arm_base_link,0,0,1,80,7,-1.4,3.14,,,1,2,,,,
right_shoulder_roll_link,5.3331E-05,-0.065465,-0.00044443,0,0,0,0.72803,0.00149,-5.2488E-07,-9.7929E-07,0.00076,1.7642E-07,0.00137,0,0,0,0,0,0,package://rel2/meshes/right_shoulder_roll_link.STL,0.75294,0.75294,0.75294,1,0,0,0,0,0,0,package://rel2/meshes/right_shoulder_roll_link.STL,,AMR2A-1;AMR2B-1,CRA2,ARA2,right_shoulder_roll_joint,revolute,0,0,0,1.5708,-1.5708,0,right_shoulder_pitch_link,0,0,-1,80,7,-0.37,2.79,,,1,2,,,,
right_arm_yaw_link,-0.00088723,-0.0040764,-0.011947,0,0,0,0.67669,0.00089,7.5046E-07,-4.8243E-06,0.0008,2.322E-08,0.00051,0,0,0,0,0,0,package://rel2/meshes/right_arm_yaw_link.STL,0.75294,0.75294,0.75294,1,0,0,0,0,0,0,package://rel2/meshes/right_arm_yaw_link.STL,,AMR3A-1;AMR3B-1,CRA3,ARA3,right_arm_yaw_joint,revolute,0,-0.1905,0,1.5708,1.5708,0,right_shoulder_roll_link,0,0,1,50,7,-2.09,2.09,,,1,2,,,,
right_elbow_pitch_link,-5.6114E-05,0.063356,-0.00046067,0,0,0,0.64824,0.00088,-4.4996E-07,9.4198E-07,0.00053,-2.5324E-07,0.00077,0,0,0,0,0,0,package://rel2/meshes/right_elbow_pitch_link.STL,0.75294,0.75294,0.75294,1,0,0,0,0,0,0,package://rel2/meshes/right_elbow_pitch_link.STL,,AMR4A-1;AMR4B-1,CRA4,ARA4,right_elbow_pitch_joint,revolute,0,0,0,1.5708,0,0,right_arm_yaw_link,0,0,1,50,7,-2.18,0.26,,,1,2,,,,
right_elbow_yaw_link,9.9183E-05,-0.0042397,-0.0078479,0,0,0,0.6519,0.00065,3.7211E-08,1.0437E-06,0.00056,5.4065E-07,0.00047,0,0,0,0,0,0,package://rel2/meshes/right_elbow_yaw_link.STL,0.75294,0.75294,0.75294,1,0,0,0,0,0,0,package://rel2/meshes/right_elbow_yaw_link.STL,,AMR5A-1;AMR5B-1,CRA5,ARA5,right_elbow_yaw_joint,revolute,0,0.16,0,-1.5708,0,0,right_elbow_pitch_link,0,0,1,50,7,-2.09,2.09,,,1,2,,,,
right_wrist_roll_link,5.6478E-05,-0.062427,0.00035729,0,0,0,0.63795,0.00085,-3.6597E-07,-8.9401E-07,0.00052,2.2635E-06,0.00075,0,0,0,0,0,0,package://rel2/meshes/right_wrist_roll_link.STL,0.75294,0.75294,0.75294,1,0,0,0,0,0,0,package://rel2/meshes/right_wrist_roll_link.STL,,AMR6A-1;AMR6B-1,CRA6,ARA6,right_wrist_roll_joint,revolute,0,0,0,-1.5708,0,0,right_elbow_yaw_link,0,0,-1,50,7,-1.92,1.92,,,1,2,,,,
right_wrist_yaw_link,-8.1679E-08,0.00026081,0.11621,0,0,0,0.083273,2.0254E-05,2.1709E-08,-1.4701E-10,2.0019E-05,6.7218E-08,3.6529E-05,0,0,0,0,0,0,package://rel2/meshes/right_wrist_yaw_link.STL,0.75294,0.75294,0.75294,1,0,0,0,0,0,0,package://rel2/meshes/right_wrist_yaw_link.STL,,AMR7A-1;AMR7B-1,CRA7,ARA7,right_wrist_yaw_joint,revolute,0,0,0,1.5708,0,0,right_wrist_roll_link,0,0,1,50,7,-2.09,2.09,,,1,2,,,,
rightt_hand_ee_link,0.00533000000001075,0.0247499999999521,-0.10244999999995,0,0,0,0.000975000000000002,4.06250000000002E-09,6.22333931610534E-26,5.96745380247799E-24,4.06250000000001E-09,-4.38860115610941E-26,4.06250000000001E-09,0,0,0,0,0,0,package://rel2/meshes/rightt_hand_ee_link.STL,0.752941176470588,0.752941176470588,0.752941176470588,1,0,0,0,0,0,0,package://rel2/meshes/rightt_hand_ee_link.STL,,Dummy-2,CRA8,ARA7,rightt_hand_ee_joint,fixed,0,0,0.1285,3.14159265358979,0,0,right_wrist_yaw_link,0,0,0,,,,,,,,,,,,
rightt_hand_link,0.0173578166871508,0.00501540720610083,-0.0710088508173106,0,0,0,1.23353471125357,0.000549329235899025,2.20872140757603E-05,6.23750427224327E-05,0.00110414658686985,-1.43018596299345E-05,0.000640850932932067,0,0,0,0,0,0,package://rel2/meshes/rightt_hand_link.STL,0.792156862745098,0.819607843137255,0.933333333333333,1,0,0,0,0,0,0,package://rel2/meshes/rightt_hand_link.STL,,AMR-71-1,CRA8,ARA7,rightt_hand_joint,fixed,0,0,0.1285,3.14159265358979,0,0,right_wrist_yaw_link,0,0,0,,,,,,,,,,,,
waist_yaw_link,0.0018236,3.106E-08,0.015461,0,0,0,1.9214,0.00353,-2.5545E-08,-4.7672E-05,0.00375,3.1696E-09,0.00508,0,0,0,0,0,0,package://rel2/meshes/waist_yaw_link.STL,0.75294,0.75294,0.75294,1,0,0,0,0,0,0,package://rel2/meshes/waist_yaw_link.STL,,WT1A-1;WT1B-1,CW1,AW1,waist_yaw_joint,revolute,0,0,-0.0975,0,0,0,map,0,0,-1,100,12,-1.57,1.57,,,2,2,,,,
waist_roll_link,-8.7577E-07,-0.020553,-0.088247,0,0,0,5.1053,0.00876,-2.98E-09,-2.5393E-07,0.0526,-1.2239E-05,0.056,0,0,0,0,0,0,package://rel2/meshes/waist_roll_link.STL,0.25098,0.25098,0.25098,1,0,0,0,0,0,0,package://rel2/meshes/waist_roll_link.STL,,WT2A-1;WT2B-1,CW2,AW2,waist_roll_joint,revolute,0,0,0,1.5708,0,1.5708,waist_yaw_link,0,0,-1,100,12,-0.26,0.26,,,2,2,,,,
left_leg_roll_link,-0.0048592,-0.00012591,-0.0028089,0,0,0,1.7968,0.00372,1.1643E-07,3.4763E-05,0.00286,-1.0471E-08,0.00262,0,0,0,0,0,0,package://rel2/meshes/left_leg_roll_link.STL,0.75294,0.75294,0.75294,1,0,0,0,0,0,0,package://rel2/meshes/left_leg_roll_link.STL,,LGL1A-1;LGL1B-1,CLL1,ALL1,left_leg_roll_joint,revolute,0.117,-0.032,0,0,0,1.5708,waist_roll_link,0,0,1,100,12,-0.44,1.57,,,2,2,,,,
left_leg_yaw_link,-0.0013538,0.014654,0.077538,0,0,0,0.61484,0.0012242,-6.7208E-07,-2.2333E-05,0.0013918,-0.00022312,0.00048585,0,0,0,0,0,0,package://rel2/meshes/left_leg_yaw_link.STL,0.75294,0.75294,0.75294,1,0,0,0,0,0,0,package://rel2/meshes/left_leg_yaw_link.STL,,LGL2-1,CLL2,ALL2,left_leg_yaw_joint,revolute,0,0,0,3.1416,-1.5708,0,left_leg_roll_link,0,0,1,100,12,-1.05,1.05,,,2,2,,,,
left_leg_pitch_link,-0.0027612,-0.078535,-0.0083028,0,0,0,6.0376,0.051,0.00028796,-1.0894E-05,0.0127,-0.00018948,0.05573,0,0,0,0,0,0,package://rel2/meshes/left_leg_pitch_link.STL,0.75294,0.75294,0.75294,1,0,0,0,0,0,0,package://rel2/meshes/left_leg_pitch_link.STL,,LGL3A-1;LGL3B-1,CLL3,ALL3,left_leg_pitch_joint,revolute,0,0,0.1455,-1.5708,0.5236,0,left_leg_yaw_link,0,0,-1,250,12,-1.57,1.31,,,2,2,,,,
left_knee_link,0.015712,-0.10775,6.6184E-06,0,0,0,2.2288,0.01475,-0.00019539,7.1643E-07,0.00241,2.0711E-06,0.01457,0,0,0,0,0,0,package://rel2/meshes/left_knee_link.STL,0.75294,0.75294,0.75294,1,0,0,0,0,0,0,package://rel2/meshes/left_knee_link.STL,,LGL4A-1;LGL4B-1,CLL4,ALL4,left_knee_joint,revolute,0,-0.32,0,0,0,-1.0472,left_leg_pitch_link,0,0,1,250,12,-1.05,1.1,,,2,2,,,,
left_ankle_pitch_link,-7.8974E-09,3.999E-08,1.2906E-15,0,0,0,0.043455,1.2169E-06,-1.3839E-17,-4.252E-12,6.4906E-06,5.3179E-14,6.7102E-06,0,0,0,0,0,0,package://rel2/meshes/left_ankle_pitch_link.STL,0.75294,0.75294,0.75294,1,0,0,0,0,0,0,package://rel2/meshes/left_ankle_pitch_link.STL,,LGL5-1,CLL5,ALL5,left_ankle_pitch_joint,revolute,0,-0.32,0,3.1416,0,0.5236,left_knee_link,0,0,1,100,12,-0.7,0.87,,,2,2,,,,
left_ankle_roll_link,-1.1259E-06,-0.033529,0.02588,0,0,0,0.34252,0.00112,1.4122E-10,-1.6584E-08,0.00113,1.1635E-05,0.0002,0,0,0,0,0,0,package://rel2/meshes/left_ankle_roll_link.STL,0.75294,0.75294,0.75294,1,0,0,0,0,0,0,package://rel2/meshes/left_ankle_roll_link.STL,,LGL6A-1;LGL6B-1,CLL6,ALL6,left_ankle_roll_joint,revolute,0,0,0,0,-1.5708,0,left_ankle_pitch_link,0,0,1,100,12,-0.44,0.44,,,2,2,,,,
left_foot_ee_link,8.9304E-15,-2.7756E-16,0.0055,0,0,0,0.000975,4.0625E-09,-1.0877E-23,-1.7125E-23,4.0625E-09,-1.7854E-23,4.0625E-09,0,0,0,0,0,0,package://rel2/meshes/left_foot_ee_link.STL,0.75294,0.75294,0.75294,1,0,0,0,0,0,0,package://rel2/meshes/left_foot_ee_link.STL,,Dummy-3,CLL7,ALL6,left_foot_ee_joint,fixed,0,-0.056,0,1.5708,-1.5708,0,left_ankle_roll_link,0,0,0,,,,,,,,,,,,
left_ankle_pitch_motor1_link,3.0355E-09,-0.01852,0.011673,0,0,0,0.031448,1.2663E-05,-5.2945E-13,-2.4631E-13,3.8092E-06,-4.6528E-07,1.5928E-05,0,0,0,0,0,0,package://rel2/meshes/left_ankle_pitch_motor1_link.STL,0.75294,0.75294,0.75294,1,0,0,0,0,0,0,package://rel2/meshes/left_ankle_pitch_motor1_link.STL,,LGL51-1,CLL51,ALL51,left_ankle_pitch_motor1_joint,continuous,0.015,-0.052915,-0.023,3.1416,0,1.7764,left_knee_link,0,0,1,50,12,-4,4,,,1,1,,,,
left_ankle_pitch_linkage1_link,0.13224,0.0023241,-2.7751E-05,0,0,0,0.066732,1.4166E-06,5.8871E-06,-7.0295E-08,0.00047775,8.4139E-09,0.00047846,0,0,0,0,0,0,package://rel2/meshes/left_ankle_pitch_linkage1_link.STL,0.75294,0.75294,0.75294,1,0,0,0,0,0,0,package://rel2/meshes/left_ankle_pitch_linkage1_link.STL,,LGL511-1,CLL511,ALL511,left_ankle_pitch_linkage1_joint,continuous,0,-0.045,0,0,0,-2.9182,left_ankle_pitch_motor1_link,0,0,1,50,12,-4,4,,,1,1,,,,
left_ankle_pitch_motor2_link,-0.01852,1.4156E-09,0.011673,0,0,0,0.031448,3.8092E-06,-6.5397E-13,-4.6528E-07,1.2663E-05,1.6914E-13,1.5928E-05,0,0,0,0,0,0,package://rel2/meshes/left_ankle_pitch_motor2_link.STL,0.75294,0.75294,0.75294,1,0,0,0,0,0,0,package://rel2/meshes/left_ankle_pitch_motor2_link.STL,,LGL61-1,CLL61,ALL61,left_ankle_pitch_motor2_joint,continuous,0.0175,-0.12287,0.023,0,0,0.20869,left_knee_link,0,0,1,50,12,-4,4,,,1,1,,,,
left_ankle_pitch_linkage2_link,0.097472,-0.002115,-2.9693E-05,0,0,0,0.050552,1.1455E-06,-3.1638E-06,-4.4417E-08,0.0002065,-8.5102E-09,0.0002071,0,0,0,0,0,0,package://rel2/meshes/left_ankle_pitch_linkage2_link.STL,0.75294,0.75294,0.75294,1,0,0,0,0,0,0,package://rel2/meshes/left_ankle_pitch_linkage2_link.STL,,LGL611-1,CLL611,ALL611,left_ankle_pitch_linkage2_joint,continuous,-0.045,0,0,0,0,-1.8165,left_ankle_pitch_motor2_link,0,0,1,50,12,-4,4,,,1,1,,,,
left_knee_motor_link,0.0052166,2.2204E-16,0.023896,0,0,0,0.1157,2.9641E-05,-4.2352E-21,1.1846E-06,4.4949E-05,6.0351E-21,7.1289E-05,0,0,0,0,0,0,package://rel2/meshes/left_knee_motor_link.STL,0.75294,0.75294,0.75294,1,0,0,0,0,0,0,package://rel2/meshes/left_knee_motor_link.STL,,LGL41-1,CLL41,ALL41,left_knee_motor_joint,continuous,-0.006,-0.1401,0,0,0,0.043633,left_leg_pitch_link,0,0,1,250,12,-4,4,,,1,1,,,,
left_knee_linkage_link,0.0951262329787682,-1.94289029309402E-16,0.0176212036276187,0,0,0,0.179427999184621,3.34555823485642E-05,-3.46436475427009E-19,9.91800378006747E-05,0.000529295144114482,8.13151629364128E-20,0.000501637553413622,0,0,0,0,0,0,package://rel2/meshes/left_knee_linkage_link.STL,0.752941176470588,0.752941176470588,0.752941176470588,1,0,0,0,0,0,0,package://rel2/meshes/left_knee_linkage_link.STL,,LGL411-1,CLL411,ALL411,left_knee_linkage_joint,continuous,0.045,0,0,0,0,-1.5811,left_knee_motor_link,0,0,1,250,12,-4,4,,,1,1,,,,
right_leg_roll_link,-0.0048592,0.00012789,-0.0028082,0,0,0,1.7968,0.00372,-2.9821E-07,3.4702E-05,0.00286,-3.6592E-08,0.00262,0,0,0,0,0,0,package://rel2/meshes/right_leg_roll_link.STL,0.75294,0.75294,0.75294,1,0,0,0,0,0,0,package://rel2/meshes/right_leg_roll_link.STL,,LGR1A-1;LGR1B-1,CRL1,ARL1,right_leg_roll_joint,revolute,-0.117,-0.032,0,0,0,1.5708,waist_roll_link,0,0,1,100,12,-1.57,0.44,,,2,2,,,,
right_leg_yaw_link,-0.0013541,-0.014654,0.077539,0,0,0,0.61483,0.0012242,6.7341E-07,-2.2333E-05,0.0013918,0.00022312,0.00048585,0,0,0,0,0,0,package://rel2/meshes/right_leg_yaw_link.STL,0.75294,0.75294,0.75294,1,0,0,0,0,0,0,package://rel2/meshes/right_leg_yaw_link.STL,,LGR2-2,CRL2,ARL2,right_leg_yaw_joint,revolute,0,0,0,3.1416,-1.5708,0,right_leg_roll_link,0,0,1,100,12,-1.05,1.05,,,2,2,,,,
right_leg_pitch_link,-0.002765,0.078563,-0.0082909,0,0,0,6.0357,0.051,-0.00028874,-1.0823E-05,0.0127,0.00019005,0.05573,0,0,0,0,0,0,package://rel2/meshes/right_leg_pitch_link.STL,0.75294,0.75294,0.75294,1,0,0,0,0,0,0,package://rel2/meshes/right_leg_pitch_link.STL,,LGR3A-1;LGR3B-1,CRL3,ARL3,right_leg_pitch_joint,revolute,0,0,0.1455,1.5708,0.5236,0,right_leg_yaw_link,0,0,-1,250,12,-1.31,1.57,,,2,2,,,,
right_knee_link,0.0157,0.10784,8.556E-05,0,0,0,2.2302,0.01477,0.00020115,-4.6565E-08,0.00241,2.3363E-06,0.0146,0,0,0,0,0,0,package://rel2/meshes/right_knee_link.STL,0.75294,0.75294,0.75294,1,0,0,0,0,0,0,package://rel2/meshes/right_knee_link.STL,,LGR4A-1;LGR4B-1,CRL4,ARL4,right_knee_joint,revolute,0,0.32,0,0,0,1.0472,right_leg_pitch_link,0,0,1,250,12,-1.1,1.05,,,2,2,,,,
right_ankle_pitch_link,-1.5523E-14,1.1102E-16,-8.3267E-17,0,0,0,0.099,4.4046E-06,3.1248E-22,1.5624E-21,1.8909E-05,7.8119E-23,1.8909E-05,0,0,0,0,0,0,package://rel2/meshes/right_ankle_pitch_link.STL,0.75294,0.75294,0.75294,1,0,0,0,0,0,0,package://rel2/meshes/right_ankle_pitch_link.STL,,LGR5-2,CRL5,ARL5,right_ankle_pitch_joint,revolute,0,0.32,0,3.1416,0,-0.5236,right_knee_link,0,0,1,100,12,-0.87,0.7,,,2,2,,,,
right_ankle_roll_link,-1.8693E-06,-0.033529,0.02588,0,0,0,0.34253,0.00112,-5.637E-10,1.7502E-08,0.00113,1.1636E-05,0.0002,0,0,0,0,0,0,package://rel2/meshes/right_ankle_roll_link.STL,0.75294,0.75294,0.75294,1,0,0,0,0,0,0,package://rel2/meshes/right_ankle_roll_link.STL,,LGR6A-1;LGR6B-1,CRL6,ARL6,right_ankle_roll_joint,revolute,0,0,0,0,1.5708,0,right_ankle_pitch_link,0,0,1,100,12,-0.44,0.44,,,1,1,,,,
right_foot_ee_link,8.9303564543286E-15,0.234,0.00550000000000017,0,0,0,0.000974999999999994,4.06249999999997E-09,-1.08773355837024E-23,-1.71249832195822E-23,4.06249999999996E-09,-1.78537295082827E-23,4.06249999999997E-09,0,0,0,0,0,0,package://rel2/meshes/right_foot_ee_link.STL,0.752941176470588,0.752941176470588,0.752941176470588,1,0,0,0,0,0,0,package://rel2/meshes/right_foot_ee_link.STL,,Dummy-3,CRL7,ARL6,right_foot_ee_joint,fixed,0,-0.056,0,1.5708,-1.5708,0,right_ankle_roll_link,0,0,0,,,,,,,,,,,,
right_ankle_pitch_motor1_link,0.0185199298679075,-1.41358691418958E-09,0.0116728835358657,0,0,0,0.0314480424573819,3.80924031797449E-06,-6.67075057479599E-13,4.65282667470384E-07,1.26633892765921E-05,-1.67379534761284E-13,1.59281327082485E-05,0,0,0,0,0,0,package://rel2/meshes/right_ankle_pitch_motor1_link.STL,0.752941176470588,0.752941176470588,0.752941176470588,1,0,0,0,0,0,0,package://rel2/meshes/right_ankle_pitch_motor1_link.STL,,LGR51-2,CRL51,ARL51,right_ankle_pitch_motor1_joint,continuous,0.015,0.052915,-0.023,3.1416,0,2.936,right_knee_link,0,0,1,50,12,-4,4,,,1,1,,,,
right_ankle_pitch_linkage1_link,0.132239353276611,-0.00232407383158667,-2.77506471749733E-05,0,0,0,0.0667317061879009,1.41655826358082E-06,-5.88713735545714E-06,-7.02954740150546E-08,0.000477752058060212,-8.4139215389817E-09,0.000478456610524612,0,0,0,0,0,0,package://rel2/meshes/right_ankle_pitch_linkage1_link.STL,0.752941176470588,0.752941176470588,0.752941176470588,1,0,0,0,0,0,0,package://rel2/meshes/right_ankle_pitch_linkage1_link.STL,,LGR511-2,CRL511,ARL511,right_ankle_pitch_linkage1_joint,continuous,0.045,0,0,0,0,1.3474,right_ankle_pitch_motor1_link,0,0,1,50,12,-4,4,,,1,1,,,,
right_ankle_pitch_motor2_link,0.0185199270977269,3.03859581940458E-09,0.0116728837418081,0,0,0,0.031448039496321,3.80924044099764E-06,5.14121714252184E-13,4.65282732580841E-07,1.26633869907168E-05,-2.44227098944836E-13,1.59281302221021E-05,0,0,0,0,0,0,package://rel2/meshes/right_ankle_pitch_motor2_link.STL,0.752941176470588,0.752941176470588,0.752941176470588,1,0,0,0,0,0,0,package://rel2/meshes/right_ankle_pitch_motor2_link.STL,,LGR61-2,CRL61,ARL61,right_ankle_pitch_motor2_joint,continuous,0.0175,0.12287,0.023,0,0,2.9329,right_knee_link,0,0,1,50,12,-4,4,,,1,1,,,,
right_ankle_pitch_linkage2_link,0.0974724182411355,0.00211500380734675,-2.969257795786E-05,0,0,0,0.0505519374049206,1.14551959230844E-06,3.16379745891782E-06,-4.44166116226554E-08,0.000206497433391347,8.51016465366279E-09,0.000207103493369282,0,0,0,0,0,0,package://rel2/meshes/right_ankle_pitch_linkage2_link.STL,0.752941176470588,0.752941176470588,0.752941176470588,1,0,0,0,0,0,0,package://rel2/meshes/right_ankle_pitch_linkage2_link.STL,,LGR611-2,CRL611,ARL611,right_ankle_pitch_linkage2_joint,continuous,0.045,0,0,0,0,-1.3251,right_ankle_pitch_motor2_link,0,0,1,50,12,-4,4,,,1,1,,,,
right_knee_motor_link,0.00521661872503623,-5.55111512312578E-17,0.0238960267685906,0,0,0,0.115698670941231,2.96409892635174E-05,-7.6232965252887E-21,1.18463362080469E-06,4.49488266298805E-05,1.6940658945086E-21,7.12888371675707E-05,0,0,0,0,0,0,package://rel2/meshes/right_knee_motor_link.STL,0.752941176470588,0.752941176470588,0.752941176470588,1,0,0,0,0,0,0,package://rel2/meshes/right_knee_motor_link.STL,,LGR41-2,CRL41,ARL41,right_knee_motor_joint,continuous,-0.006,0.1401,0,0,0,-0.043633,right_leg_pitch_link,0,0,1,250,12,-4,4,,,1,1,,,,
right_knee_linkage_link,0.0951262329787686,2.77555756156289E-17,0.0176212036276197,0,0,0,0.179427999184621,3.34555823485639E-05,-1.90582413132218E-19,9.91800378006751E-05,0.000529295144114481,6.09863722023096E-20,0.000501637553413621,0,0,0,0,0,0,package://rel2/meshes/right_knee_linkage_link.STL,0.752941176470588,0.752941176470588,0.752941176470588,1,0,0,0,0,0,0,package://rel2/meshes/right_knee_linkage_link.STL,,LGR411-2,CRL411,ARL411,right_knee_linkage_joint,continuous,0.045,0,0,0,0,1.5811,right_knee_motor_link,0,0,1,250,12,-4,4,,,1,1,,,,
